price,area,bedrooms,bathrooms,stories,airconditioning,parking,prefarea,price_per_area
13300000,7420,4,2,3,yes,2,yes,1792.4528301886792
12250000,8960,4,4,4,yes,3,no,1367.1875
12250000,9960,3,2,2,no,2,yes,1229.9196787148594
12215000,7500,4,2,2,yes,3,yes,1628.6666666666667
11410000,7420,4,1,2,yes,2,no,1537.7358490566037
10850000,7500,3,3,1,yes,2,yes,1446.6666666666667
10150000,8580,4,3,4,yes,2,yes,1182.983682983683
10150000,16200,5,3,2,no,0,no,626.5432098765432
9870000,8100,4,1,2,yes,2,yes,1218.5185185185185
9800000,5750,3,2,4,yes,1,yes,1704.3478260869565
9800000,13200,3,1,2,yes,2,yes,742.4242424242424
9681000,6000,4,3,2,no,2,no,1613.5
9310000,6550,4,2,2,yes,1,yes,1421.3740458015268
9240000,3500,4,2,2,no,2,no,2640.0
9240000,7800,3,2,2,no,0,yes,1184.6153846153845
9100000,6000,4,1,2,no,2,no,1516.6666666666667
9100000,6600,4,2,2,yes,1,yes,1378.7878787878788
8960000,8500,3,2,4,yes,2,no,1054.1176470588234
8890000,4600,3,2,2,yes,2,no,1932.608695652174
8855000,6420,3,2,2,yes,1,yes,1379.2834890965732
8750000,4320,3,1,2,no,2,no,2025.462962962963
8680000,7155,3,2,1,yes,2,no,1213.1376659678547
8645000,8050,3,1,1,yes,1,no,1073.9130434782608
8645000,4560,3,2,2,yes,1,no,1895.8333333333333
8575000,8800,3,2,2,yes,2,no,974.4318181818181
8540000,6540,4,2,2,yes,2,yes,1305.8103975535169
8463000,6000,3,2,4,yes,0,yes,1410.5
8400000,8875,3,1,1,no,1,no,946.4788732394367
8400000,7950,5,2,2,no,2,no,1056.6037735849056
8400000,5500,4,2,2,yes,1,yes,1527.2727272727273
8400000,7475,3,2,4,yes,2,no,1123.7458193979933
8400000,7000,3,1,4,yes,2,no,1200.0
8295000,4880,4,2,2,yes,1,yes,1699.795081967213
8190000,5960,3,3,2,no,1,no,1374.1610738255033
8120000,6840,5,1,2,yes,1,no,1187.1345029239767
8080940,7000,3,2,4,yes,2,no,1154.42
8043000,7482,3,2,3,no,1,yes,1074.979951884523
7980000,9000,4,2,4,yes,2,no,886.6666666666666
7962500,6000,3,1,4,yes,2,no,1327.0833333333333
7910000,6000,4,2,4,yes,1,no,1318.3333333333333
7875000,6550,3,1,2,yes,0,yes,1202.2900763358778
7840000,6360,3,2,4,yes,0,yes,1232.7044025157234
7700000,6480,3,2,4,yes,2,no,1188.2716049382716
7700000,6000,4,2,4,no,2,no,1283.3333333333333
7560000,6000,4,2,4,yes,1,no,1260.0
7560000,6000,3,2,3,yes,0,no,1260.0
7525000,6000,3,2,4,yes,1,no,1254.1666666666667
7490000,6600,3,1,4,yes,3,yes,1134.8484848484848
7455000,4300,3,2,2,no,1,no,1733.7209302325582
7420000,7440,3,2,1,yes,0,yes,997.3118279569892
7420000,7440,3,2,4,no,1,yes,997.3118279569892
7420000,6325,3,1,4,yes,1,no,1173.1225296442688
7350000,6000,4,2,4,yes,1,no,1225.0
7350000,5150,3,2,4,yes,2,no,1427.1844660194174
7350000,6000,3,2,2,yes,1,no,1225.0
7350000,6000,3,1,2,yes,1,no,1225.0
7343000,11440,4,1,2,no,1,yes,641.8706293706293
7245000,9000,4,2,4,yes,1,yes,805.0
7210000,7680,4,2,4,yes,1,no,938.8020833333334
7210000,6000,3,2,4,yes,1,no,1201.6666666666667
7140000,6000,3,2,2,no,1,no,1190.0
7070000,8880,2,1,1,yes,1,no,796.1711711711712
7070000,6240,4,2,2,yes,1,no,1133.0128205128206
7035000,6360,4,2,3,yes,2,yes,1106.132075471698
7000000,11175,3,1,1,yes,1,yes,626.3982102908277
6930000,8880,3,2,2,yes,1,no,780.4054054054054
6930000,13200,2,1,1,no,1,no,525.0
6895000,7700,3,2,1,no,2,no,895.4545454545455
6860000,6000,3,1,1,yes,1,no,1143.3333333333333
6790000,12090,4,2,2,no,2,yes,561.6211745244003
6790000,4000,3,2,2,yes,0,yes,1697.5
6755000,6000,4,2,4,yes,0,no,1125.8333333333333
6720000,5020,3,1,4,yes,0,yes,1338.6454183266933
6685000,6600,2,2,4,no,0,yes,1012.8787878787879
6650000,4040,3,1,2,no,1,no,1646.039603960396
6650000,4260,4,2,2,no,0,no,1561.0328638497654
6650000,6420,3,2,3,yes,0,yes,1035.8255451713396
6650000,6500,3,2,3,yes,0,yes,1023.0769230769231
6650000,5700,3,1,1,yes,2,yes,1166.6666666666667
6650000,6000,3,2,3,yes,0,no,1108.3333333333333
6629000,6000,3,1,2,no,1,yes,1104.8333333333333
6615000,4000,3,2,2,yes,1,no,1653.75
6615000,10500,3,2,1,yes,1,yes,630.0
6580000,6000,3,2,4,yes,0,no,1096.6666666666667
6510000,3760,3,1,2,no,2,no,1731.3829787234042
6510000,8250,3,2,3,yes,0,no,789.0909090909091
6510000,6670,3,1,3,no,0,yes,976.0119940029984
6475000,3960,3,1,1,no,2,no,1635.1010101010102
6475000,7410,3,1,1,yes,2,yes,873.8191632928475
6440000,8580,5,3,2,no,2,no,750.5827505827506
6440000,5000,3,1,2,yes,0,no,1288.0
6419000,6750,2,1,1,no,2,yes,950.9629629629629
6405000,4800,3,2,4,yes,0,no,1334.375
6300000,7200,3,2,1,yes,3,no,875.0
6300000,6000,4,2,4,no,1,no,1050.0
6300000,4100,3,2,3,yes,2,no,1536.5853658536585
6300000,9000,3,1,1,no,1,yes,700.0
6300000,6400,3,1,1,yes,1,yes,984.375
6293000,6600,3,2,3,yes,0,yes,953.4848484848485
6265000,6000,4,1,3,no,0,yes,1044.1666666666667
6230000,6600,3,2,1,yes,0,yes,943.939393939394
6230000,5500,3,1,3,no,1,yes,1132.7272727272727
6195000,5500,3,2,4,yes,1,no,1126.3636363636363
6195000,6350,3,2,3,yes,0,no,975.5905511811023
6195000,5500,3,2,1,no,2,yes,1126.3636363636363
6160000,4500,3,1,4,yes,0,no,1368.888888888889
6160000,5450,4,2,1,yes,0,yes,1130.2752293577983
6125000,6420,3,1,3,no,0,yes,954.0498442367601
6107500,3240,4,1,3,no,1,no,1885.030864197531
6090000,6615,4,2,2,no,1,no,920.6349206349206
6090000,6600,3,1,1,no,2,yes,922.7272727272727
6090000,8372,3,1,3,yes,2,no,727.4247491638796
6083000,4300,6,2,2,no,0,no,1414.6511627906978
6083000,9620,3,1,1,no,2,yes,632.3284823284823
6020000,6800,2,1,1,no,2,no,885.2941176470588
6020000,8000,3,1,1,yes,2,yes,752.5
6020000,6900,3,2,1,no,0,yes,872.463768115942
5950000,3700,4,1,2,yes,0,no,1608.1081081081081
5950000,6420,3,1,1,yes,0,yes,926.791277258567
5950000,7020,3,1,1,yes,2,yes,847.5783475783476
5950000,6540,3,1,1,no,2,yes,909.7859327217126
5950000,7231,3,1,2,yes,0,yes,822.8460793804453
5950000,6254,4,2,1,no,1,yes,951.3911096897986
5950000,7320,4,2,2,no,0,no,812.8415300546449
5950000,6525,3,2,4,no,1,no,911.8773946360153
5943000,15600,3,1,1,yes,2,no,380.96153846153845
5880000,7160,3,1,1,no,2,yes,821.2290502793296
5880000,6500,3,2,3,yes,0,no,904.6153846153846
5873000,5500,3,1,3,yes,1,no,1067.8181818181818
5873000,11460,3,1,3,no,2,yes,512.478184991274
5866000,4800,3,1,1,no,0,no,1222.0833333333333
5810000,5828,4,1,4,no,0,no,996.9114619080302
5810000,5200,3,1,3,yes,0,no,1117.3076923076924
5810000,4800,3,1,3,yes,0,no,1210.4166666666667
5803000,7000,3,1,1,no,2,yes,829.0
5775000,6000,3,2,4,yes,0,no,962.5
5740000,5400,4,2,2,yes,2,no,1062.962962962963
5740000,4640,4,1,2,no,1,no,1237.0689655172414
5740000,5000,3,1,3,yes,0,no,1148.0
5740000,6360,3,1,1,yes,2,yes,902.5157232704403
5740000,5800,3,2,4,yes,0,no,989.6551724137931
5652500,6660,4,2,2,no,1,yes,848.7237237237238
5600000,10500,4,2,2,no,1,no,533.3333333333334
5600000,4800,5,2,3,no,0,no,1166.6666666666667
5600000,4700,4,1,2,yes,1,no,1191.4893617021276
5600000,5000,3,1,4,no,0,no,1120.0
5600000,10500,2,1,1,no,1,no,533.3333333333334
5600000,5500,3,2,2,no,1,no,1018.1818181818181
5600000,6360,3,1,3,no,0,yes,880.503144654088
5600000,6600,4,2,1,no,0,yes,848.4848484848485
5600000,5136,3,1,2,yes,0,yes,1090.342679127726
5565000,4400,4,1,2,yes,2,yes,1264.7727272727273
5565000,5400,5,1,2,yes,0,yes,1030.5555555555557
5530000,3300,3,3,2,no,0,no,1675.7575757575758
5530000,3650,3,2,2,no,2,no,1515.0684931506848
5530000,6100,3,2,1,no,2,yes,906.5573770491803
5523000,6900,3,1,1,no,0,yes,800.4347826086956
5495000,2817,4,2,2,no,1,no,1950.6567270145545
5495000,7980,3,1,1,no,2,no,688.5964912280701
5460000,3150,3,2,1,yes,0,no,1733.3333333333333
5460000,6210,4,1,4,yes,0,no,879.2270531400966
5460000,6100,3,1,3,yes,0,yes,895.0819672131148
5460000,6600,4,2,2,no,0,yes,827.2727272727273
5425000,6825,3,1,1,yes,0,yes,794.8717948717949
5390000,6710,3,2,2,no,1,yes,803.2786885245902
5383000,6450,3,2,1,no,0,no,834.5736434108527
5320000,7800,3,1,1,yes,2,yes,682.0512820512821
5285000,4600,2,2,1,yes,2,no,1148.9130434782608
5250000,4260,4,1,2,yes,0,no,1232.394366197183
5250000,6540,4,2,2,yes,0,no,802.7522935779816
5250000,5500,3,2,1,no,0,no,954.5454545454545
5250000,10269,3,1,1,no,1,yes,511.2474437627812
5250000,8400,3,1,2,yes,2,yes,625.0
5250000,5300,4,2,1,yes,0,yes,990.566037735849
5250000,3800,3,1,2,no,1,yes,1381.578947368421
5250000,9800,4,2,2,no,2,no,535.7142857142857
5250000,8520,3,1,1,yes,2,no,616.1971830985915
5243000,6050,3,1,1,no,0,yes,866.6115702479339
5229000,7085,3,1,1,no,2,yes,738.0381086803105
5215000,3180,3,2,2,no,2,no,1639.937106918239
5215000,4500,4,2,1,yes,2,no,1158.888888888889
5215000,7200,3,1,2,no,1,yes,724.3055555555555
5145000,3410,3,1,2,yes,0,no,1508.7976539589442
5145000,7980,3,1,1,no,1,yes,644.7368421052631
5110000,3000,3,2,2,no,0,no,1703.3333333333333
5110000,3000,3,1,2,no,0,no,1703.3333333333333
5110000,11410,2,1,2,no,0,yes,447.85276073619633
5110000,6100,3,1,1,yes,0,yes,837.7049180327868
5075000,5720,2,1,2,yes,0,yes,887.2377622377622
5040000,3540,2,1,1,no,0,no,1423.7288135593221
5040000,7600,4,1,2,yes,2,no,663.1578947368421
5040000,10700,3,1,2,no,0,no,471.02803738317755
5040000,6600,3,1,1,no,0,yes,763.6363636363636
5033000,4800,2,1,1,no,0,no,1048.5416666666667
5005000,8150,3,2,1,no,0,no,614.1104294478528
4970000,4410,4,3,2,no,2,no,1126.984126984127
4970000,7686,3,1,1,no,0,no,646.6302367941712
4956000,2800,3,2,2,yes,1,no,1770.0
4935000,5948,3,1,2,yes,0,no,829.6906523201076
4907000,4200,3,1,2,no,1,no,1168.3333333333333
4900000,4520,3,1,2,yes,0,no,1084.070796460177
4900000,4095,3,1,2,yes,0,no,1196.5811965811965
4900000,4120,2,1,1,no,1,no,1189.3203883495146
4900000,5400,4,1,2,no,0,no,907.4074074074074
4900000,4770,3,1,1,no,0,no,1027.2536687631027
4900000,6300,3,1,1,yes,2,no,777.7777777777778
4900000,5800,2,1,1,yes,0,no,844.8275862068965
4900000,3000,3,1,2,yes,0,no,1633.3333333333333
4900000,2970,3,1,3,no,0,no,1649.8316498316499
4900000,6720,3,1,1,no,0,no,729.1666666666666
4900000,4646,3,1,2,no,2,no,1054.6706844597504
4900000,12900,3,1,1,no,2,no,379.84496124031006
4893000,3420,4,2,2,yes,2,no,1430.701754385965
4893000,4995,4,2,1,no,0,no,979.5795795795796
4865000,4350,2,1,1,no,0,no,1118.3908045977012
4830000,4160,3,1,3,no,0,no,1161.0576923076924
4830000,6040,3,1,1,no,2,yes,799.6688741721854
4830000,6862,3,1,2,yes,2,yes,703.8764208685515
4830000,4815,2,1,1,yes,0,yes,1003.1152647975077
4795000,7000,3,1,2,no,0,no,685.0
4795000,8100,4,1,4,yes,2,no,591.9753086419753
4767000,3420,4,2,2,no,0,no,1393.859649122807
4760000,9166,2,1,1,yes,2,no,519.3104953087498
4760000,6321,3,1,2,yes,1,no,753.0454042081949
4760000,10240,2,1,1,yes,2,yes,464.84375
4753000,6440,2,1,1,yes,3,no,738.0434782608696
4690000,5170,3,1,4,yes,0,no,907.1566731141199
4690000,6000,2,1,1,yes,1,no,781.6666666666666
4690000,3630,3,1,2,no,2,no,1292.0110192837465
4690000,9667,4,2,2,no,1,no,485.15568428674874
4690000,5400,2,1,2,no,0,yes,868.5185185185185
4690000,4320,3,1,1,no,0,yes,1085.648148148148
4655000,3745,3,1,2,no,0,no,1242.9906542056074
4620000,4160,3,1,1,yes,0,no,1110.576923076923
4620000,3880,3,2,2,no,2,no,1190.721649484536
4620000,5680,3,1,2,yes,1,no,813.3802816901408
4620000,2870,2,1,2,no,0,yes,1609.7560975609756
4620000,5010,3,1,2,no,0,no,922.1556886227545
4613000,4510,4,2,2,no,0,no,1022.8381374722838
4585000,4000,3,1,2,no,1,no,1146.25
4585000,3840,3,1,2,no,1,yes,1194.0104166666667
4550000,3760,3,1,1,no,2,no,1210.1063829787233
4550000,3640,3,1,2,yes,0,no,1250.0
4550000,2550,3,1,2,no,0,no,1784.313725490196
4550000,5320,3,1,2,no,0,yes,855.2631578947369
4550000,5360,3,1,2,no,2,yes,848.8805970149253
4550000,3520,3,1,1,no,0,yes,1292.6136363636363
4550000,8400,4,1,4,no,3,no,541.6666666666666
4543000,4100,2,2,1,no,0,no,1108.0487804878048
4543000,4990,4,2,2,no,0,yes,910.4208416833667
4515000,3510,3,1,3,no,0,no,1286.3247863247864
4515000,3450,3,1,2,no,1,no,1308.695652173913
4515000,9860,3,1,1,no,0,no,457.9107505070994
4515000,3520,2,1,2,no,0,yes,1282.6704545454545
4480000,4510,4,1,2,yes,2,no,993.3481152993348
4480000,5885,2,1,1,yes,1,no,761.2574341546305
4480000,4000,3,1,2,no,2,no,1120.0
4480000,8250,3,1,1,no,0,no,543.030303030303
4480000,4040,3,1,2,no,1,no,1108.9108910891089
4473000,6360,2,1,1,yes,1,no,703.3018867924528
4473000,3162,3,1,2,yes,1,no,1414.6110056925995
4473000,3510,3,1,2,no,0,no,1274.3589743589744
4445000,3750,2,1,1,no,0,no,1185.3333333333333
4410000,3968,3,1,2,no,0,no,1111.391129032258
4410000,4900,2,1,2,no,0,no,900.0
4403000,2880,3,1,2,no,0,yes,1528.8194444444443
4403000,4880,3,1,1,no,2,yes,902.2540983606557
4403000,4920,3,1,2,no,1,no,894.9186991869918
4382000,4950,4,1,2,yes,0,no,885.2525252525253
4375000,3900,3,1,2,no,0,no,1121.7948717948718
4340000,4500,3,2,3,no,1,no,964.4444444444445
4340000,1905,5,1,2,no,0,no,2278.215223097113
4340000,4075,3,1,1,no,2,no,1065.0306748466257
4340000,3500,4,1,2,no,2,no,1240.0
4340000,6450,4,1,2,no,0,no,672.8682170542636
4319000,4032,2,1,1,no,0,no,1071.1805555555557
4305000,4400,2,1,1,no,1,no,978.4090909090909
4305000,10360,2,1,1,no,1,yes,415.5405405405405
4277000,3400,3,1,2,no,2,yes,1257.9411764705883
4270000,6360,2,1,1,no,0,no,671.3836477987421
4270000,6360,2,1,2,no,0,no,671.3836477987421
4270000,4500,2,1,1,yes,2,no,948.8888888888889
4270000,2175,3,1,2,yes,0,no,1963.2183908045977
4270000,4360,4,1,2,no,0,no,979.3577981651376
4270000,7770,2,1,1,no,1,no,549.5495495495495
4235000,6650,3,1,2,no,0,no,636.8421052631579
4235000,2787,3,1,1,no,0,yes,1519.5550771438823
4200000,5500,3,1,2,yes,0,no,763.6363636363636
4200000,5040,3,1,2,yes,0,no,833.3333333333334
4200000,5850,2,1,1,no,2,no,717.9487179487179
4200000,2610,4,3,2,no,0,no,1609.1954022988505
4200000,2953,3,1,2,yes,0,no,1422.2824246528953
4200000,2747,4,2,2,no,0,no,1528.9406625409538
4200000,4410,2,1,1,no,1,no,952.3809523809524
4200000,4000,4,2,2,no,0,no,1050.0
4200000,2325,3,1,2,no,0,no,1806.4516129032259
4200000,4600,3,2,2,yes,1,no,913.0434782608696
4200000,3640,3,2,2,no,0,no,1153.8461538461538
4200000,5800,3,1,1,no,2,no,724.1379310344828
4200000,7000,3,1,1,no,3,no,600.0
4200000,4079,3,1,3,no,0,no,1029.6641333660211
4200000,3520,3,1,2,no,0,yes,1193.1818181818182
4200000,2145,3,1,3,no,1,yes,1958.041958041958
4200000,4500,3,1,1,no,0,no,933.3333333333334
4193000,8250,3,1,1,no,3,no,508.24242424242425
4193000,3450,3,1,2,no,1,no,1215.3623188405797
4165000,4840,3,1,2,no,1,no,860.5371900826447
4165000,4080,3,1,2,no,2,no,1020.8333333333334
4165000,4046,3,1,2,no,1,no,1029.4117647058824
4130000,4632,4,1,2,yes,0,no,891.6234887737478
4130000,5985,3,1,1,no,0,no,690.0584795321637
4123000,6060,2,1,1,no,1,no,680.3630363036303
4098500,3600,3,1,1,yes,0,yes,1138.4722222222222
4095000,3680,3,2,2,no,0,no,1112.7717391304348
4095000,4040,2,1,2,no,1,no,1013.6138613861386
4095000,5600,2,1,1,yes,0,no,731.25
4060000,5900,4,2,2,no,1,no,688.1355932203389
4060000,4992,3,2,2,no,2,no,813.3012820512821
4060000,4340,3,1,1,no,0,no,935.483870967742
4060000,3000,4,1,3,yes,2,no,1353.3333333333333
4060000,4320,3,1,2,no,2,yes,939.8148148148148
4025000,3630,3,2,2,no,2,no,1108.8154269972451
4025000,3460,3,2,1,yes,1,no,1163.2947976878613
4025000,5400,3,1,1,no,3,no,745.3703703703703
4007500,4500,3,1,2,yes,0,no,890.5555555555555
4007500,3460,4,1,2,yes,0,no,1158.236994219653
3990000,4100,4,1,1,no,0,no,973.170731707317
3990000,6480,3,1,2,yes,1,no,615.7407407407408
3990000,4500,3,2,2,yes,0,no,886.6666666666666
3990000,3960,3,1,2,no,0,no,1007.5757575757576
3990000,4050,2,1,2,no,0,yes,985.1851851851852
3920000,7260,3,2,1,no,3,no,539.9449035812672
3920000,5500,4,1,2,no,0,no,712.7272727272727
3920000,3000,3,1,2,no,0,no,1306.6666666666667
3920000,3290,2,1,1,no,1,no,1191.4893617021276
3920000,3816,2,1,1,yes,2,no,1027.2536687631027
3920000,8080,3,1,1,yes,2,no,485.1485148514852
3920000,2145,4,2,1,no,0,yes,1827.5058275058275
3885000,3780,2,1,2,no,0,no,1027.7777777777778
3885000,3180,4,2,2,no,0,no,1221.698113207547
3850000,5300,5,2,2,no,0,no,726.4150943396227
3850000,3180,2,2,1,no,2,no,1210.691823899371
3850000,7152,3,1,2,yes,0,no,538.3109619686801
3850000,4080,2,1,1,no,0,no,943.6274509803922
3850000,3850,2,1,1,no,0,no,1000.0
3850000,2015,3,1,2,no,0,yes,1910.6699751861042
3850000,2176,2,1,2,no,0,yes,1769.3014705882354
3836000,3350,3,1,2,no,0,no,1145.0746268656717
3815000,3150,2,2,1,no,0,no,1211.111111111111
3780000,4820,3,1,2,no,0,no,784.2323651452282
3780000,3420,2,1,2,no,1,no,1105.2631578947369
3780000,3600,2,1,1,no,0,no,1050.0
3780000,5830,2,1,1,no,2,no,648.3704974271012
3780000,2856,3,1,3,no,0,yes,1323.5294117647059
3780000,8400,2,1,1,no,1,no,450.0
3773000,8250,3,1,1,no,2,no,457.3333333333333
3773000,2520,5,2,1,yes,1,no,1497.2222222222222
3773000,6930,4,1,2,no,1,no,544.4444444444445
3745000,3480,2,1,1,no,0,yes,1076.1494252873563
3710000,3600,3,1,1,no,1,no,1030.5555555555557
3710000,4040,2,1,1,no,0,no,918.3168316831683
3710000,6020,3,1,1,no,0,no,616.2790697674419
3710000,4050,2,1,1,no,0,no,916.0493827160494
3710000,3584,2,1,1,no,0,no,1035.15625
3703000,3120,3,1,2,no,0,no,1186.8589743589744
3703000,5450,2,1,1,no,0,no,679.4495412844037
3675000,3630,2,1,1,no,0,no,1012.396694214876
3675000,3630,2,1,1,yes,0,no,1012.396694214876
3675000,5640,2,1,1,no,0,no,651.5957446808511
3675000,3600,2,1,1,no,0,no,1020.8333333333334
3640000,4280,2,1,1,yes,2,no,850.4672897196261
3640000,3570,3,1,2,no,0,no,1019.6078431372549
3640000,3180,3,1,2,no,0,no,1144.6540880503144
3640000,3000,2,1,2,yes,0,no,1213.3333333333333
3640000,3520,2,2,1,no,0,no,1034.090909090909
3640000,5960,3,1,2,no,0,no,610.738255033557
3640000,4130,3,2,2,no,2,no,881.3559322033898
3640000,2850,3,2,2,no,0,yes,1277.1929824561403
3640000,2275,3,1,3,yes,0,yes,1600.0
3633000,3520,3,1,1,no,2,yes,1032.1022727272727
3605000,4500,2,1,1,no,0,no,801.1111111111111
3605000,4000,2,1,1,no,0,yes,901.25
3570000,3150,3,1,2,no,0,no,1133.3333333333333
3570000,4500,4,2,2,no,2,no,793.3333333333334
3570000,4500,2,1,1,no,0,no,793.3333333333334
3570000,3640,2,1,1,no,0,no,980.7692307692307
3535000,3850,3,1,1,no,2,no,918.1818181818181
3500000,4240,3,1,2,yes,0,no,825.4716981132076
3500000,3650,3,1,2,no,0,no,958.9041095890411
3500000,4600,4,1,2,no,0,no,760.8695652173913
3500000,2135,3,2,2,no,0,no,1639.344262295082
3500000,3036,3,1,2,no,0,no,1152.832674571805
3500000,3990,3,1,2,no,0,no,877.1929824561404
3500000,7424,3,1,1,no,0,no,471.4439655172414
3500000,3480,3,1,1,yes,0,no,1005.7471264367816
3500000,3600,6,1,2,no,1,no,972.2222222222222
3500000,3640,2,1,1,no,1,no,961.5384615384615
3500000,5900,2,1,1,no,1,no,593.2203389830509
3500000,3120,3,1,2,no,1,no,1121.7948717948718
3500000,7350,2,1,1,no,1,no,476.1904761904762
3500000,3512,2,1,1,no,1,yes,996.5831435079726
3500000,9500,3,1,2,no,3,yes,368.42105263157896
3500000,5880,2,1,1,no,0,no,595.2380952380952
3500000,12944,3,1,1,no,0,no,270.39555006180467
3493000,4900,3,1,2,no,0,no,712.8571428571429
3465000,3060,3,1,1,no,0,no,1132.3529411764705
3465000,5320,2,1,1,no,1,yes,651.3157894736842
3465000,2145,3,1,3,no,0,yes,1615.3846153846155
3430000,4000,2,1,1,no,0,no,857.5
3430000,3185,2,1,1,no,2,no,1076.923076923077
3430000,3850,3,1,1,no,0,no,890.9090909090909
3430000,2145,3,1,3,no,0,yes,1599.067599067599
3430000,2610,3,1,2,no,0,yes,1314.176245210728
3430000,1950,3,2,2,no,0,yes,1758.974358974359
3423000,4040,2,1,1,no,0,no,847.2772277227723
3395000,4785,3,1,2,yes,1,no,709.5088819226751
3395000,3450,3,1,1,no,2,no,984.0579710144928
3395000,3640,2,1,1,no,0,no,932.6923076923077
3360000,3500,4,1,2,yes,2,no,960.0
3360000,4960,4,1,3,no,0,no,677.4193548387096
3360000,4120,2,1,2,no,0,no,815.5339805825242
3360000,4750,2,1,1,no,0,no,707.3684210526316
3360000,3720,2,1,1,yes,0,no,903.2258064516129
3360000,3750,3,1,1,no,0,no,896.0
3360000,3100,3,1,2,no,0,no,1083.8709677419354
3360000,3185,2,1,1,no,2,no,1054.9450549450548
3353000,2700,3,1,1,no,0,no,1241.851851851852
3332000,2145,3,1,2,no,0,yes,1553.3799533799533
3325000,4040,2,1,1,no,1,no,823.019801980198
3325000,4775,4,1,2,no,0,no,696.3350785340314
3290000,2500,2,1,1,yes,0,no,1316.0
3290000,3180,4,1,2,yes,0,no,1034.5911949685535
3290000,6060,3,1,1,no,0,no,542.9042904290429
3290000,3480,4,1,2,no,1,no,945.4022988505748
3290000,3792,4,1,2,no,0,no,867.6160337552743
3290000,4040,2,1,1,no,0,no,814.3564356435644
3290000,2145,3,1,2,no,0,yes,1533.7995337995337
3290000,5880,3,1,1,no,1,no,559.5238095238095
3255000,4500,2,1,1,no,0,no,723.3333333333334
3255000,3930,2,1,1,no,0,no,828.2442748091603
3234000,3640,4,1,2,no,0,no,888.4615384615385
3220000,4370,3,1,2,no,0,no,736.8421052631579
3220000,2684,2,1,1,yes,1,no,1199.7019374068554
3220000,4320,3,1,1,no,1,no,745.3703703703703
3220000,3120,3,1,2,no,0,no,1032.051282051282
3150000,3450,1,1,1,no,0,no,913.0434782608696
3150000,3986,2,2,1,no,1,no,790.2659307576517
3150000,3500,2,1,1,no,0,no,900.0
3150000,4095,2,1,1,no,2,no,769.2307692307693
3150000,1650,3,1,2,no,0,no,1909.090909090909
3150000,3450,3,1,2,no,0,no,913.0434782608696
3150000,6750,2,1,1,no,0,no,466.6666666666667
3150000,9000,3,1,2,no,2,no,350.0
3150000,3069,2,1,1,no,1,no,1026.392961876833
3143000,4500,3,1,2,yes,0,no,698.4444444444445
3129000,5495,3,1,1,no,0,no,569.4267515923567
3118850,2398,3,1,1,no,0,yes,1300.604670558799
3115000,3000,3,1,1,yes,0,no,1038.3333333333333
3115000,3850,3,1,2,no,0,no,809.0909090909091
3115000,3500,2,1,1,no,0,no,890.0
3087000,8100,2,1,1,no,1,no,381.1111111111111
3080000,4960,2,1,1,yes,0,no,620.9677419354839
3080000,2160,3,1,2,no,0,no,1425.9259259259259
3080000,3090,2,1,1,no,0,no,996.7637540453075
3080000,4500,2,1,2,no,1,no,684.4444444444445
3045000,3800,2,1,1,no,0,no,801.3157894736842
3010000,3090,3,1,2,no,0,no,974.1100323624595
3010000,3240,3,1,2,no,2,no,929.0123456790124
3010000,2835,2,1,1,no,0,no,1061.7283950617284
3010000,4600,2,1,1,no,0,no,654.3478260869565
3010000,5076,3,1,1,no,0,no,592.9866036249015
3010000,3750,3,1,2,no,0,no,802.6666666666666
3010000,3630,4,1,2,no,3,no,829.2011019283747
3003000,8050,2,1,1,no,0,no,373.04347826086956
2975000,4352,4,1,2,no,1,no,683.59375
2961000,3000,2,1,2,no,0,no,987.0
2940000,5850,3,1,2,no,1,no,502.56410256410254
2940000,4960,2,1,1,no,0,no,592.741935483871
2940000,3600,3,1,2,no,1,no,816.6666666666666
2940000,3660,4,1,2,no,0,no,803.2786885245902
2940000,3480,3,1,2,no,1,no,844.8275862068965
2940000,2700,2,1,1,no,0,no,1088.888888888889
2940000,3150,3,1,2,no,0,no,933.3333333333334
2940000,6615,3,1,2,no,0,no,444.44444444444446
2870000,3040,2,1,1,no,0,no,944.078947368421
2870000,3630,2,1,1,no,0,no,790.633608815427
2870000,6000,2,1,1,no,0,no,478.3333333333333
2870000,5400,4,1,2,no,0,no,531.4814814814815
2852500,5200,4,1,3,no,0,no,548.5576923076923
2835000,3300,3,1,2,no,1,no,859.0909090909091
2835000,4350,3,1,2,no,1,no,651.7241379310345
2835000,2640,2,1,1,no,1,no,1073.8636363636363
2800000,2650,3,1,2,no,1,no,1056.6037735849056
2800000,3960,3,1,1,no,0,no,707.070707070707
2730000,6800,2,1,1,no,0,no,401.47058823529414
2730000,4000,3,1,2,no,1,no,682.5
2695000,4000,2,1,1,no,0,no,673.75
2660000,3934,2,1,1,no,0,no,676.1565836298932
2660000,2000,2,1,2,no,0,no,1330.0
2660000,3630,3,3,2,no,0,no,732.7823691460055
2660000,2800,3,1,1,no,0,no,950.0
2660000,2430,3,1,1,no,0,no,1094.6502057613168
2660000,3480,2,1,1,no,1,no,764.3678160919541
2660000,4000,3,1,1,no,0,no,665.0
2653000,3185,2,1,1,yes,0,no,832.967032967033
2653000,4000,3,1,2,yes,0,no,663.25
2604000,2910,2,1,1,no,0,no,894.8453608247422
2590000,3600,2,1,1,no,0,no,719.4444444444445
2590000,4400,2,1,1,no,0,no,588.6363636363636
2590000,3600,2,2,2,no,1,no,719.4444444444445
2520000,2880,3,1,1,no,0,no,875.0
2520000,3180,3,1,1,no,0,no,792.4528301886793
2520000,3000,2,1,2,no,0,no,840.0
2485000,4400,3,1,2,no,0,no,564.7727272727273
2485000,3000,3,1,2,no,0,no,828.3333333333334
2450000,3210,3,1,2,no,0,no,763.2398753894081
2450000,3240,2,1,1,no,1,no,756.1728395061729
2450000,3000,2,1,1,no,1,no,816.6666666666666
2450000,3500,2,1,1,no,0,no,700.0
2450000,4840,2,1,2,no,0,no,506.198347107438
2450000,7700,2,1,1,no,0,no,318.1818181818182
2408000,3635,2,1,1,no,0,no,662.4484181568088
2380000,2475,3,1,2,no,0,no,961.6161616161617
2380000,2787,4,2,2,no,0,no,853.9648367420165
2380000,3264,2,1,1,no,0,no,729.1666666666666
2345000,3640,2,1,1,no,0,no,644.2307692307693
2310000,3180,2,1,1,no,0,no,726.4150943396227
2275000,1836,2,1,1,no,0,no,1239.1067538126363
2275000,3970,1,1,1,no,0,no,573.0478589420655
2275000,3970,3,1,2,no,0,no,573.0478589420655
2240000,1950,3,1,1,no,0,no,1148.7179487179487
2233000,5300,3,1,1,yes,0,yes,421.3207547169811
2135000,3000,2,1,1,no,0,no,711.6666666666666
2100000,2400,3,1,2,no,0,no,875.0
2100000,3000,4,1,2,no,0,no,700.0
2100000,3360,2,1,1,no,1,no,625.0
1960000,3420,5,1,2,no,0,no,573.0994152046784
1890000,1700,3,1,2,no,0,no,1111.764705882353
1890000,3649,2,1,1,no,0,no,517.9501233214579
1855000,2990,2,1,1,no,1,no,620.4013377926422
1820000,3000,2,1,1,no,2,no,606.6666666666666
1767150,2400,3,1,1,no,0,no,736.3125
1750000,3620,2,1,1,no,0,no,483.42541436464086
1750000,2910,3,1,1,no,0,no,601.3745704467354
1750000,3850,3,1,2,no,0,no,454.54545454545456
